{
  "n_total": 29688,
  "n_valid": 29688,
  "n_kept": 29376,
  "n_removed": 312,
  "source_class_distribution": {
    "0": 4948,
    "1": 4948,
    "2": 4948,
    "3": 4948,
    "4": 4948,
    "5": 4948
  },
  "binary_label_distribution": {
    "0": 4948,
    "1": 24740
  },
  "formats": {
    "JPEG": 29688
  },
  "modes": {
    "RGB": 29688
  },
  "width_summary": {
    "count": 29688.0,
    "mean": 354.96739423336027,
    "std": 108.51123192410729,
    "min": 156.0,
    "25%": 320.0,
    "50%": 320.0,
    "75%": 320.0,
    "max": 640.0
  },
  "height_summary": {
    "count": 29688.0,
    "mean": 338.93286849905684,
    "std": 77.76301331610871,
    "min": 128.0,
    "25%": 320.0,
    "50%": 320.0,
    "75%": 320.0,
    "max": 640.0
  },
  "file_size_summary": {
    "count": 29688.0,
    "mean": 30742.761418755053,
    "std": 15968.842806927218,
    "min": 1931.0,
    "25%": 20292.0,
    "50%": 27913.5,
    "75%": 37079.0,
    "max": 160988.0
  },
  "kept_source_class_distribution": {
    "0": 4887,
    "1": 4889,
    "2": 4912,
    "3": 4901,
    "4": 4906,
    "5": 4881
  },
  "kept_binary_label_distribution": {
    "0": 4887,
    "1": 24489
  }
}